distance,within_mean,within_lo,within_hi,across_mean,across_lo,across_hi,gap,n_within,n_across
1,0.6155121012457779,0.6119739846086928,0.6193027195999665,0.5825578647355238,0.5714729839625458,0.5940686199069023,0.03295423651025409,560,120
2,0.6063088589093902,0.6026165670359677,0.6101446923647414,0.5835271480408581,0.5760778894139962,0.5908340781452981,0.02278171086853209,440,220
3,0.6029594449326396,0.5981854118360206,0.6076143470685929,0.5756275668740273,0.5697566114342771,0.5815520685794764,0.02733187805861237,320,320
4,0.5993031653490933,0.5933894747292453,0.6046342112327164,0.5692914925515652,0.5638226919118315,0.574467997757718,0.030011672797528144,220,400
5,0.6016101360321044,0.5944493363159044,0.6089853291000639,0.5600011708295863,0.5548242191808379,0.5650270150763833,0.04160896520251811,140,460
6,0.6114638045430183,0.6023325414210559,0.6205166212283074,0.555995671570301,0.5510754975795746,0.5610908318027854,0.05546813297271724,80,500
7,0.6132573246955871,0.6013832684606314,0.6249015457928181,0.5484923456723874,0.5427985349841988,0.5532990916130635,0.06476497902319978,40,520
pooled,0.60773844987154,0.6058236073181033,0.6096959428770675,0.4938531514087526,0.49225624238375093,0.4954286474072107,0.11388529846278744,1800,10100
