term,coef,se_clustered,t,p_param
intercept,0.5773150251389969,0.003693226327062526,156.31726138976563,0.0
jsd,-0.7283491656787748,0.039689198252616804,-18.351319697690116,3.221909376333745e-75
lag,-0.0001392234245910411,0.00039879062523741305,-0.34911408588944853,0.7270036620855638
same_state,0.03722373937375534,0.005147416733463049,7.231537934701503,4.775546544205617e-13
